dataset,results_path,model,negation_count,runs,accuracy,inadmissible_rate,mean_reasoning_tokens,mean_completion_tokens,mean_total_tokens
boolean_literal_false-answers,/home/v/negation-chains/Answers/boolean_literal_false-answers.csv,anthropic/claude-opus-4.7,0,1,1.0,0.0,0.0,5.0,88.0
boolean_literal_false-answers,/home/v/negation-chains/Answers/boolean_literal_false-answers.csv,anthropic/claude-opus-4.7,1,1,1.0,0.0,0.0,5.0,89.0
boolean_literal_false-answers,/home/v/negation-chains/Answers/boolean_literal_false-answers.csv,anthropic/claude-opus-4.7,2,1,1.0,0.0,0.0,5.0,90.0
boolean_literal_false-answers,/home/v/negation-chains/Answers/boolean_literal_false-answers.csv,anthropic/claude-opus-4.7,3,1,1.0,0.0,0.0,5.0,91.0
boolean_literal_false-answers,/home/v/negation-chains/Answers/boolean_literal_false-answers.csv,anthropic/claude-opus-4.7,4,1,1.0,0.0,0.0,5.0,92.0
boolean_literal_false-answers,/home/v/negation-chains/Answers/boolean_literal_false-answers.csv,anthropic/claude-opus-4.7,5,1,0.0,0.0,0.0,5.0,93.0
boolean_literal_false-answers,/home/v/negation-chains/Answers/boolean_literal_false-answers.csv,anthropic/claude-opus-4.7,6,1,1.0,0.0,0.0,5.0,94.0
boolean_literal_false-answers,/home/v/negation-chains/Answers/boolean_literal_false-answers.csv,anthropic/claude-opus-4.7,7,1,0.0,0.0,0.0,5.0,95.0
boolean_literal_false-answers,/home/v/negation-chains/Answers/boolean_literal_false-answers.csv,anthropic/claude-opus-4.7,8,1,1.0,0.0,0.0,5.0,96.0
boolean_literal_false-answers,/home/v/negation-chains/Answers/boolean_literal_false-answers.csv,anthropic/claude-opus-4.7,9,1,1.0,0.0,45.0,74.0,166.0
boolean_literal_false-answers,/home/v/negation-chains/Answers/boolean_literal_false-answers.csv,anthropic/claude-opus-4.7,10,1,1.0,0.0,24.0,33.0,126.0
boolean_literal_false-answers,/home/v/negation-chains/Answers/boolean_literal_false-answers.csv,anthropic/claude-opus-4.7,11,1,1.0,0.0,32.0,97.0,191.0
boolean_literal_false-answers,/home/v/negation-chains/Answers/boolean_literal_false-answers.csv,anthropic/claude-opus-4.7,12,1,1.0,0.0,38.0,57.0,152.0
boolean_literal_false-answers,/home/v/negation-chains/Answers/boolean_literal_false-answers.csv,anthropic/claude-opus-4.7,13,1,1.0,0.0,24.0,89.0,185.0
boolean_literal_false-answers,/home/v/negation-chains/Answers/boolean_literal_false-answers.csv,anthropic/claude-opus-4.7,14,1,1.0,0.0,37.0,43.0,140.0
boolean_literal_false-answers,/home/v/negation-chains/Answers/boolean_literal_false-answers.csv,anthropic/claude-opus-4.7,15,1,1.0,0.0,23.0,89.0,187.0
boolean_literal_false-answers,/home/v/negation-chains/Answers/boolean_literal_false-answers.csv,anthropic/claude-opus-4.7,16,1,1.0,0.0,45.0,56.0,155.0
boolean_literal_false-answers,/home/v/negation-chains/Answers/boolean_literal_false-answers.csv,anthropic/claude-opus-4.7,17,1,1.0,0.0,35.0,130.0,230.0
boolean_literal_false-answers,/home/v/negation-chains/Answers/boolean_literal_false-answers.csv,anthropic/claude-opus-4.7,18,1,1.0,0.0,32.0,55.0,156.0
boolean_literal_false-answers,/home/v/negation-chains/Answers/boolean_literal_false-answers.csv,anthropic/claude-opus-4.7,19,1,1.0,0.0,31.0,46.0,148.0
boolean_literal_false-answers,/home/v/negation-chains/Answers/boolean_literal_false-answers.csv,anthropic/claude-opus-4.7,20,1,1.0,0.0,20.0,34.0,137.0
boolean_literal_false-answers,/home/v/negation-chains/Answers/boolean_literal_false-answers.csv,anthropic/claude-opus-4.7,50,1,1.0,0.0,142.0,1404.0,1537.0
boolean_literal_false-answers,/home/v/negation-chains/Answers/boolean_literal_false-answers.csv,anthropic/claude-opus-4.7,51,1,0.0,0.0,156.0,1977.0,2111.0
boolean_literal_false-answers,/home/v/negation-chains/Answers/boolean_literal_false-answers.csv,anthropic/claude-opus-4.7,100,1,0.0,1.0,,,
boolean_literal_false-answers,/home/v/negation-chains/Answers/boolean_literal_false-answers.csv,anthropic/claude-opus-4.7,101,1,0.0,1.0,,,
boolean_literal_false-answers,/home/v/negation-chains/Answers/boolean_literal_false-answers.csv,anthropic/claude-opus-4.7,500,1,1.0,0.0,358.0,4406.0,4989.0
boolean_literal_false-answers,/home/v/negation-chains/Answers/boolean_literal_false-answers.csv,anthropic/claude-opus-4.7,501,1,1.0,0.0,602.0,8521.0,9105.0
boolean_literal_false-answers,/home/v/negation-chains/Answers/boolean_literal_false-answers.csv,google/gemini-3.5-flash,0,1,1.0,0.0,138.0,139.0,184.0
boolean_literal_false-answers,/home/v/negation-chains/Answers/boolean_literal_false-answers.csv,google/gemini-3.5-flash,1,1,1.0,0.0,228.0,229.0,275.0
boolean_literal_false-answers,/home/v/negation-chains/Answers/boolean_literal_false-answers.csv,google/gemini-3.5-flash,2,1,1.0,0.0,150.0,151.0,198.0
boolean_literal_false-answers,/home/v/negation-chains/Answers/boolean_literal_false-answers.csv,google/gemini-3.5-flash,3,1,1.0,0.0,119.0,120.0,168.0
boolean_literal_false-answers,/home/v/negation-chains/Answers/boolean_literal_false-answers.csv,google/gemini-3.5-flash,4,1,1.0,0.0,235.0,236.0,285.0
boolean_literal_false-answers,/home/v/negation-chains/Answers/boolean_literal_false-answers.csv,google/gemini-3.5-flash,5,1,1.0,0.0,228.0,229.0,279.0
boolean_literal_false-answers,/home/v/negation-chains/Answers/boolean_literal_false-answers.csv,google/gemini-3.5-flash,6,1,1.0,0.0,264.0,265.0,316.0
boolean_literal_false-answers,/home/v/negation-chains/Answers/boolean_literal_false-answers.csv,google/gemini-3.5-flash,7,1,1.0,0.0,309.0,310.0,362.0
boolean_literal_false-answers,/home/v/negation-chains/Answers/boolean_literal_false-answers.csv,google/gemini-3.5-flash,8,1,1.0,0.0,318.0,319.0,372.0
boolean_literal_false-answers,/home/v/negation-chains/Answers/boolean_literal_false-answers.csv,google/gemini-3.5-flash,9,1,1.0,0.0,395.0,396.0,450.0
boolean_literal_false-answers,/home/v/negation-chains/Answers/boolean_literal_false-answers.csv,google/gemini-3.5-flash,10,1,1.0,0.0,492.0,493.0,548.0
boolean_literal_false-answers,/home/v/negation-chains/Answers/boolean_literal_false-answers.csv,google/gemini-3.5-flash,11,1,1.0,0.0,520.0,521.0,577.0
boolean_literal_false-answers,/home/v/negation-chains/Answers/boolean_literal_false-answers.csv,google/gemini-3.5-flash,12,1,1.0,0.0,477.0,478.0,535.0
boolean_literal_false-answers,/home/v/negation-chains/Answers/boolean_literal_false-answers.csv,google/gemini-3.5-flash,13,1,1.0,0.0,538.0,539.0,597.0
boolean_literal_false-answers,/home/v/negation-chains/Answers/boolean_literal_false-answers.csv,google/gemini-3.5-flash,14,1,1.0,0.0,994.0,995.0,1054.0
boolean_literal_false-answers,/home/v/negation-chains/Answers/boolean_literal_false-answers.csv,google/gemini-3.5-flash,15,1,1.0,0.0,562.0,563.0,623.0
boolean_literal_false-answers,/home/v/negation-chains/Answers/boolean_literal_false-answers.csv,google/gemini-3.5-flash,16,1,1.0,0.0,553.0,554.0,615.0
boolean_literal_false-answers,/home/v/negation-chains/Answers/boolean_literal_false-answers.csv,google/gemini-3.5-flash,17,1,1.0,0.0,885.0,886.0,948.0
boolean_literal_false-answers,/home/v/negation-chains/Answers/boolean_literal_false-answers.csv,google/gemini-3.5-flash,18,1,1.0,0.0,830.0,831.0,894.0
boolean_literal_false-answers,/home/v/negation-chains/Answers/boolean_literal_false-answers.csv,google/gemini-3.5-flash,19,1,1.0,0.0,947.0,948.0,1012.0
boolean_literal_false-answers,/home/v/negation-chains/Answers/boolean_literal_false-answers.csv,google/gemini-3.5-flash,20,1,1.0,0.0,592.0,593.0,658.0
boolean_literal_false-answers,/home/v/negation-chains/Answers/boolean_literal_false-answers.csv,google/gemini-3.5-flash,50,1,1.0,0.0,2121.0,2122.0,2217.0
boolean_literal_false-answers,/home/v/negation-chains/Answers/boolean_literal_false-answers.csv,google/gemini-3.5-flash,51,1,1.0,0.0,1682.0,1683.0,1779.0
boolean_literal_false-answers,/home/v/negation-chains/Answers/boolean_literal_false-answers.csv,google/gemini-3.5-flash,100,1,1.0,0.0,4825.0,4826.0,4971.0
boolean_literal_false-answers,/home/v/negation-chains/Answers/boolean_literal_false-answers.csv,google/gemini-3.5-flash,101,1,1.0,0.0,2619.0,2620.0,2766.0
boolean_literal_false-answers,/home/v/negation-chains/Answers/boolean_literal_false-answers.csv,google/gemini-3.5-flash,500,1,1.0,0.0,22781.0,22782.0,23327.0
boolean_literal_false-answers,/home/v/negation-chains/Answers/boolean_literal_false-answers.csv,google/gemini-3.5-flash,501,1,0.0,0.0,10952.0,10953.0,11499.0
boolean_literal_false-answers,/home/v/negation-chains/Answers/boolean_literal_false-answers.csv,moonshotai/kimi-k2.6,0,1,1.0,0.0,70.0,73.0,130.0
boolean_literal_false-answers,/home/v/negation-chains/Answers/boolean_literal_false-answers.csv,moonshotai/kimi-k2.6,1,1,1.0,0.0,130.0,112.0,170.0
boolean_literal_false-answers,/home/v/negation-chains/Answers/boolean_literal_false-answers.csv,moonshotai/kimi-k2.6,2,1,1.0,0.0,68.0,71.0,130.0
boolean_literal_false-answers,/home/v/negation-chains/Answers/boolean_literal_false-answers.csv,moonshotai/kimi-k2.6,3,1,1.0,0.0,99.0,102.0,162.0
boolean_literal_false-answers,/home/v/negation-chains/Answers/boolean_literal_false-answers.csv,moonshotai/kimi-k2.6,4,1,1.0,0.0,219.0,217.0,278.0
boolean_literal_false-answers,/home/v/negation-chains/Answers/boolean_literal_false-answers.csv,moonshotai/kimi-k2.6,5,1,1.0,0.0,276.0,289.0,351.0
boolean_literal_false-answers,/home/v/negation-chains/Answers/boolean_literal_false-answers.csv,moonshotai/kimi-k2.6,6,1,1.0,0.0,283.0,286.0,349.0
boolean_literal_false-answers,/home/v/negation-chains/Answers/boolean_literal_false-answers.csv,moonshotai/kimi-k2.6,7,1,1.0,0.0,292.0,305.0,369.0
boolean_literal_false-answers,/home/v/negation-chains/Answers/boolean_literal_false-answers.csv,moonshotai/kimi-k2.6,8,1,0.0,1.0,219.0,212.0,277.0
boolean_literal_false-answers,/home/v/negation-chains/Answers/boolean_literal_false-answers.csv,moonshotai/kimi-k2.6,9,1,1.0,0.0,395.0,418.0,484.0
boolean_literal_false-answers,/home/v/negation-chains/Answers/boolean_literal_false-answers.csv,moonshotai/kimi-k2.6,10,1,1.0,0.0,492.0,539.0,606.0
boolean_literal_false-answers,/home/v/negation-chains/Answers/boolean_literal_false-answers.csv,moonshotai/kimi-k2.6,11,1,1.0,0.0,370.0,372.0,440.0
boolean_literal_false-answers,/home/v/negation-chains/Answers/boolean_literal_false-answers.csv,moonshotai/kimi-k2.6,12,1,1.0,0.0,343.0,380.0,448.0
boolean_literal_false-answers,/home/v/negation-chains/Answers/boolean_literal_false-answers.csv,moonshotai/kimi-k2.6,13,1,1.0,0.0,533.0,534.0,604.0
boolean_literal_false-answers,/home/v/negation-chains/Answers/boolean_literal_false-answers.csv,moonshotai/kimi-k2.6,14,1,1.0,0.0,700.0,763.0,834.0
boolean_literal_false-answers,/home/v/negation-chains/Answers/boolean_literal_false-answers.csv,moonshotai/kimi-k2.6,15,1,1.0,0.0,387.0,425.0,497.0
boolean_literal_false-answers,/home/v/negation-chains/Answers/boolean_literal_false-answers.csv,moonshotai/kimi-k2.6,16,1,1.0,0.0,1011.0,1109.0,1182.0
boolean_literal_false-answers,/home/v/negation-chains/Answers/boolean_literal_false-answers.csv,moonshotai/kimi-k2.6,17,1,1.0,0.0,392.0,458.0,531.0
boolean_literal_false-answers,/home/v/negation-chains/Answers/boolean_literal_false-answers.csv,moonshotai/kimi-k2.6,18,1,1.0,0.0,499.0,582.0,657.0
boolean_literal_false-answers,/home/v/negation-chains/Answers/boolean_literal_false-answers.csv,moonshotai/kimi-k2.6,19,1,1.0,0.0,2262.0,2678.0,2754.0
boolean_literal_false-answers,/home/v/negation-chains/Answers/boolean_literal_false-answers.csv,moonshotai/kimi-k2.6,20,1,1.0,0.0,528.0,531.0,608.0
boolean_literal_false-answers,/home/v/negation-chains/Answers/boolean_literal_false-answers.csv,moonshotai/kimi-k2.6,50,1,0.0,1.0,,,
boolean_literal_false-answers,/home/v/negation-chains/Answers/boolean_literal_false-answers.csv,moonshotai/kimi-k2.6,51,1,0.0,1.0,,,
boolean_literal_false-answers,/home/v/negation-chains/Answers/boolean_literal_false-answers.csv,moonshotai/kimi-k2.6,100,1,1.0,0.0,12347.0,13700.0,13857.0
boolean_literal_false-answers,/home/v/negation-chains/Answers/boolean_literal_false-answers.csv,moonshotai/kimi-k2.6,101,1,0.0,1.0,,,
boolean_literal_false-answers,/home/v/negation-chains/Answers/boolean_literal_false-answers.csv,moonshotai/kimi-k2.6,500,1,0.0,1.0,,,
boolean_literal_false-answers,/home/v/negation-chains/Answers/boolean_literal_false-answers.csv,moonshotai/kimi-k2.6,501,1,0.0,1.0,,,
boolean_literal_false-answers,/home/v/negation-chains/Answers/boolean_literal_false-answers.csv,openai/gpt-5.5-pro,0,1,1.0,0.0,82.0,89.0,144.0
boolean_literal_false-answers,/home/v/negation-chains/Answers/boolean_literal_false-answers.csv,openai/gpt-5.5-pro,1,1,1.0,0.0,85.0,92.0,148.0
boolean_literal_false-answers,/home/v/negation-chains/Answers/boolean_literal_false-answers.csv,openai/gpt-5.5-pro,2,1,1.0,0.0,99.0,106.0,163.0
boolean_literal_false-answers,/home/v/negation-chains/Answers/boolean_literal_false-answers.csv,openai/gpt-5.5-pro,3,1,1.0,0.0,126.0,133.0,191.0
boolean_literal_false-answers,/home/v/negation-chains/Answers/boolean_literal_false-answers.csv,openai/gpt-5.5-pro,4,1,1.0,0.0,130.0,137.0,196.0
boolean_literal_false-answers,/home/v/negation-chains/Answers/boolean_literal_false-answers.csv,openai/gpt-5.5-pro,5,1,1.0,0.0,90.0,97.0,157.0
boolean_literal_false-answers,/home/v/negation-chains/Answers/boolean_literal_false-answers.csv,openai/gpt-5.5-pro,6,1,1.0,0.0,96.0,103.0,164.0
boolean_literal_false-answers,/home/v/negation-chains/Answers/boolean_literal_false-answers.csv,openai/gpt-5.5-pro,7,1,1.0,0.0,138.0,145.0,207.0
boolean_literal_false-answers,/home/v/negation-chains/Answers/boolean_literal_false-answers.csv,openai/gpt-5.5-pro,8,1,1.0,0.0,113.0,120.0,183.0
boolean_literal_false-answers,/home/v/negation-chains/Answers/boolean_literal_false-answers.csv,openai/gpt-5.5-pro,9,1,1.0,0.0,120.0,127.0,191.0
boolean_literal_false-answers,/home/v/negation-chains/Answers/boolean_literal_false-answers.csv,openai/gpt-5.5-pro,10,1,1.0,0.0,122.0,129.0,194.0
boolean_literal_false-answers,/home/v/negation-chains/Answers/boolean_literal_false-answers.csv,openai/gpt-5.5-pro,11,1,1.0,0.0,179.0,186.0,252.0
boolean_literal_false-answers,/home/v/negation-chains/Answers/boolean_literal_false-answers.csv,openai/gpt-5.5-pro,12,1,1.0,0.0,114.0,121.0,188.0
boolean_literal_false-answers,/home/v/negation-chains/Answers/boolean_literal_false-answers.csv,openai/gpt-5.5-pro,13,1,1.0,0.0,275.0,282.0,350.0
boolean_literal_false-answers,/home/v/negation-chains/Answers/boolean_literal_false-answers.csv,openai/gpt-5.5-pro,14,1,1.0,0.0,131.0,138.0,207.0
boolean_literal_false-answers,/home/v/negation-chains/Answers/boolean_literal_false-answers.csv,openai/gpt-5.5-pro,15,1,1.0,0.0,253.0,260.0,330.0
boolean_literal_false-answers,/home/v/negation-chains/Answers/boolean_literal_false-answers.csv,openai/gpt-5.5-pro,16,1,0.0,1.0,,,
boolean_literal_false-answers,/home/v/negation-chains/Answers/boolean_literal_false-answers.csv,openai/gpt-5.5-pro,17,1,1.0,0.0,341.0,348.0,420.0
boolean_literal_false-answers,/home/v/negation-chains/Answers/boolean_literal_false-answers.csv,openai/gpt-5.5-pro,18,1,1.0,0.0,186.0,193.0,266.0
boolean_literal_false-answers,/home/v/negation-chains/Answers/boolean_literal_false-answers.csv,openai/gpt-5.5-pro,19,1,1.0,0.0,1491.0,1498.0,1572.0
boolean_literal_false-answers,/home/v/negation-chains/Answers/boolean_literal_false-answers.csv,openai/gpt-5.5-pro,20,1,1.0,0.0,198.0,205.0,280.0
boolean_literal_false-answers,/home/v/negation-chains/Answers/boolean_literal_false-answers.csv,openai/gpt-5.5-pro,50,1,0.0,1.0,,,
boolean_literal_false-answers,/home/v/negation-chains/Answers/boolean_literal_false-answers.csv,openai/gpt-5.5-pro,51,1,0.0,1.0,,,
boolean_literal_false-answers,/home/v/negation-chains/Answers/boolean_literal_false-answers.csv,openai/gpt-5.5-pro,100,1,0.0,1.0,,,
boolean_literal_false-answers,/home/v/negation-chains/Answers/boolean_literal_false-answers.csv,openai/gpt-5.5-pro,101,1,0.0,1.0,,,
boolean_literal_false-answers,/home/v/negation-chains/Answers/boolean_literal_false-answers.csv,openai/gpt-5.5-pro,500,1,0.0,1.0,,,
boolean_literal_false-answers,/home/v/negation-chains/Answers/boolean_literal_false-answers.csv,openai/gpt-5.5-pro,501,1,0.0,1.0,,,
boolean_literal_false_sequential_through_100-answers,/home/v/negation-chains/Answers/boolean_literal_false_sequential_through_100-answers.csv,anthropic/claude-opus-4.7,0,1,1.0,0.0,0.0,5.0,88.0
boolean_literal_false_sequential_through_100-answers,/home/v/negation-chains/Answers/boolean_literal_false_sequential_through_100-answers.csv,anthropic/claude-opus-4.7,1,1,1.0,0.0,0.0,5.0,89.0
boolean_literal_false_sequential_through_100-answers,/home/v/negation-chains/Answers/boolean_literal_false_sequential_through_100-answers.csv,anthropic/claude-opus-4.7,2,1,1.0,0.0,0.0,5.0,90.0
boolean_literal_false_sequential_through_100-answers,/home/v/negation-chains/Answers/boolean_literal_false_sequential_through_100-answers.csv,anthropic/claude-opus-4.7,3,1,1.0,0.0,0.0,5.0,91.0
boolean_literal_false_sequential_through_100-answers,/home/v/negation-chains/Answers/boolean_literal_false_sequential_through_100-answers.csv,anthropic/claude-opus-4.7,4,1,1.0,0.0,0.0,5.0,92.0
boolean_literal_false_sequential_through_100-answers,/home/v/negation-chains/Answers/boolean_literal_false_sequential_through_100-answers.csv,anthropic/claude-opus-4.7,5,1,0.0,0.0,0.0,5.0,93.0
boolean_literal_false_sequential_through_100-answers,/home/v/negation-chains/Answers/boolean_literal_false_sequential_through_100-answers.csv,anthropic/claude-opus-4.7,6,1,1.0,0.0,0.0,5.0,94.0
boolean_literal_false_sequential_through_100-answers,/home/v/negation-chains/Answers/boolean_literal_false_sequential_through_100-answers.csv,anthropic/claude-opus-4.7,7,1,0.0,0.0,0.0,5.0,95.0
boolean_literal_false_sequential_through_100-answers,/home/v/negation-chains/Answers/boolean_literal_false_sequential_through_100-answers.csv,anthropic/claude-opus-4.7,8,1,1.0,0.0,0.0,5.0,96.0
boolean_literal_false_sequential_through_100-answers,/home/v/negation-chains/Answers/boolean_literal_false_sequential_through_100-answers.csv,anthropic/claude-opus-4.7,9,1,1.0,0.0,35.0,119.0,211.0
boolean_literal_false_sequential_through_100-answers,/home/v/negation-chains/Answers/boolean_literal_false_sequential_through_100-answers.csv,anthropic/claude-opus-4.7,10,1,1.0,0.0,24.0,33.0,126.0
boolean_literal_false_sequential_through_100-answers,/home/v/negation-chains/Answers/boolean_literal_false_sequential_through_100-answers.csv,anthropic/claude-opus-4.7,11,1,1.0,0.0,24.0,71.0,165.0
boolean_literal_false_sequential_through_100-answers,/home/v/negation-chains/Answers/boolean_literal_false_sequential_through_100-answers.csv,anthropic/claude-opus-4.7,12,1,1.0,0.0,45.0,87.0,182.0
boolean_literal_false_sequential_through_100-answers,/home/v/negation-chains/Answers/boolean_literal_false_sequential_through_100-answers.csv,anthropic/claude-opus-4.7,13,1,1.0,0.0,33.0,80.0,176.0
boolean_literal_false_sequential_through_100-answers,/home/v/negation-chains/Answers/boolean_literal_false_sequential_through_100-answers.csv,anthropic/claude-opus-4.7,14,1,1.0,0.0,19.0,48.0,145.0
boolean_literal_false_sequential_through_100-answers,/home/v/negation-chains/Answers/boolean_literal_false_sequential_through_100-answers.csv,anthropic/claude-opus-4.7,15,1,1.0,0.0,40.0,89.0,187.0
boolean_literal_false_sequential_through_100-answers,/home/v/negation-chains/Answers/boolean_literal_false_sequential_through_100-answers.csv,anthropic/claude-opus-4.7,16,1,1.0,0.0,22.0,33.0,132.0
boolean_literal_false_sequential_through_100-answers,/home/v/negation-chains/Answers/boolean_literal_false_sequential_through_100-answers.csv,anthropic/claude-opus-4.7,17,1,0.0,0.0,0.0,5.0,105.0
boolean_literal_false_sequential_through_100-answers,/home/v/negation-chains/Answers/boolean_literal_false_sequential_through_100-answers.csv,anthropic/claude-opus-4.7,18,1,1.0,0.0,45.0,56.0,157.0
boolean_literal_false_sequential_through_100-answers,/home/v/negation-chains/Answers/boolean_literal_false_sequential_through_100-answers.csv,anthropic/claude-opus-4.7,19,1,1.0,0.0,54.0,51.0,153.0
boolean_literal_false_sequential_through_100-answers,/home/v/negation-chains/Answers/boolean_literal_false_sequential_through_100-answers.csv,anthropic/claude-opus-4.7,20,1,1.0,0.0,38.0,37.0,140.0
boolean_literal_false_sequential_through_100-answers,/home/v/negation-chains/Answers/boolean_literal_false_sequential_through_100-answers.csv,anthropic/claude-opus-4.7,50,1,1.0,0.0,66.0,993.0,1126.0
boolean_literal_false_sequential_through_100-answers,/home/v/negation-chains/Answers/boolean_literal_false_sequential_through_100-answers.csv,anthropic/claude-opus-4.7,51,1,0.0,0.0,31.0,34.0,168.0
boolean_literal_false_sequential_through_100-answers,/home/v/negation-chains/Answers/boolean_literal_false_sequential_through_100-answers.csv,anthropic/claude-opus-4.7,100,1,1.0,0.0,408.0,6638.0,6821.0
boolean_literal_false_sequential_through_100-answers,/home/v/negation-chains/Answers/boolean_literal_false_sequential_through_100-answers.csv,google/gemini-3.5-flash,0,1,1.0,0.0,131.0,132.0,177.0
boolean_literal_false_sequential_through_100-answers,/home/v/negation-chains/Answers/boolean_literal_false_sequential_through_100-answers.csv,google/gemini-3.5-flash,1,1,1.0,0.0,151.0,152.0,198.0
boolean_literal_false_sequential_through_100-answers,/home/v/negation-chains/Answers/boolean_literal_false_sequential_through_100-answers.csv,google/gemini-3.5-flash,2,1,1.0,0.0,147.0,148.0,195.0
boolean_literal_false_sequential_through_100-answers,/home/v/negation-chains/Answers/boolean_literal_false_sequential_through_100-answers.csv,google/gemini-3.5-flash,3,1,1.0,0.0,131.0,132.0,180.0
boolean_literal_false_sequential_through_100-answers,/home/v/negation-chains/Answers/boolean_literal_false_sequential_through_100-answers.csv,google/gemini-3.5-flash,4,1,1.0,0.0,301.0,302.0,351.0
boolean_literal_false_sequential_through_100-answers,/home/v/negation-chains/Answers/boolean_literal_false_sequential_through_100-answers.csv,google/gemini-3.5-flash,5,1,1.0,0.0,231.0,232.0,282.0
boolean_literal_false_sequential_through_100-answers,/home/v/negation-chains/Answers/boolean_literal_false_sequential_through_100-answers.csv,google/gemini-3.5-flash,6,1,1.0,0.0,300.0,301.0,352.0
boolean_literal_false_sequential_through_100-answers,/home/v/negation-chains/Answers/boolean_literal_false_sequential_through_100-answers.csv,google/gemini-3.5-flash,7,1,1.0,0.0,210.0,211.0,263.0
boolean_literal_false_sequential_through_100-answers,/home/v/negation-chains/Answers/boolean_literal_false_sequential_through_100-answers.csv,google/gemini-3.5-flash,8,1,1.0,0.0,304.0,305.0,358.0
boolean_literal_false_sequential_through_100-answers,/home/v/negation-chains/Answers/boolean_literal_false_sequential_through_100-answers.csv,google/gemini-3.5-flash,9,1,1.0,0.0,291.0,292.0,346.0
boolean_literal_false_sequential_through_100-answers,/home/v/negation-chains/Answers/boolean_literal_false_sequential_through_100-answers.csv,google/gemini-3.5-flash,10,1,1.0,0.0,556.0,557.0,612.0
boolean_literal_false_sequential_through_100-answers,/home/v/negation-chains/Answers/boolean_literal_false_sequential_through_100-answers.csv,google/gemini-3.5-flash,11,1,1.0,0.0,440.0,441.0,497.0
boolean_literal_false_sequential_through_100-answers,/home/v/negation-chains/Answers/boolean_literal_false_sequential_through_100-answers.csv,google/gemini-3.5-flash,12,1,1.0,0.0,546.0,547.0,604.0
boolean_literal_false_sequential_through_100-answers,/home/v/negation-chains/Answers/boolean_literal_false_sequential_through_100-answers.csv,google/gemini-3.5-flash,13,1,1.0,0.0,773.0,774.0,832.0
boolean_literal_false_sequential_through_100-answers,/home/v/negation-chains/Answers/boolean_literal_false_sequential_through_100-answers.csv,google/gemini-3.5-flash,14,1,1.0,0.0,895.0,896.0,955.0
boolean_literal_false_sequential_through_100-answers,/home/v/negation-chains/Answers/boolean_literal_false_sequential_through_100-answers.csv,google/gemini-3.5-flash,15,1,1.0,0.0,676.0,677.0,737.0
boolean_literal_false_sequential_through_100-answers,/home/v/negation-chains/Answers/boolean_literal_false_sequential_through_100-answers.csv,google/gemini-3.5-flash,16,1,1.0,0.0,523.0,524.0,585.0
boolean_literal_false_sequential_through_100-answers,/home/v/negation-chains/Answers/boolean_literal_false_sequential_through_100-answers.csv,google/gemini-3.5-flash,17,1,1.0,0.0,578.0,579.0,641.0
boolean_literal_false_sequential_through_100-answers,/home/v/negation-chains/Answers/boolean_literal_false_sequential_through_100-answers.csv,google/gemini-3.5-flash,18,1,1.0,0.0,856.0,857.0,920.0
boolean_literal_false_sequential_through_100-answers,/home/v/negation-chains/Answers/boolean_literal_false_sequential_through_100-answers.csv,google/gemini-3.5-flash,19,1,1.0,0.0,917.0,918.0,982.0
boolean_literal_false_sequential_through_100-answers,/home/v/negation-chains/Answers/boolean_literal_false_sequential_through_100-answers.csv,google/gemini-3.5-flash,20,1,1.0,0.0,749.0,750.0,815.0
boolean_literal_false_sequential_through_100-answers,/home/v/negation-chains/Answers/boolean_literal_false_sequential_through_100-answers.csv,google/gemini-3.5-flash,50,1,1.0,0.0,1849.0,1850.0,1945.0
boolean_literal_false_sequential_through_100-answers,/home/v/negation-chains/Answers/boolean_literal_false_sequential_through_100-answers.csv,google/gemini-3.5-flash,51,1,1.0,0.0,4800.0,4801.0,4897.0
boolean_literal_false_sequential_through_100-answers,/home/v/negation-chains/Answers/boolean_literal_false_sequential_through_100-answers.csv,google/gemini-3.5-flash,100,1,1.0,0.0,3207.0,3208.0,3353.0
boolean_literal_false_sequential_through_100-answers,/home/v/negation-chains/Answers/boolean_literal_false_sequential_through_100-answers.csv,moonshotai/kimi-k2.6,0,1,1.0,0.0,305.0,273.0,330.0
boolean_literal_false_sequential_through_100-answers,/home/v/negation-chains/Answers/boolean_literal_false_sequential_through_100-answers.csv,moonshotai/kimi-k2.6,1,1,1.0,0.0,81.0,84.0,142.0
boolean_literal_false_sequential_through_100-answers,/home/v/negation-chains/Answers/boolean_literal_false_sequential_through_100-answers.csv,moonshotai/kimi-k2.6,2,1,1.0,0.0,91.0,92.0,151.0
boolean_literal_false_sequential_through_100-answers,/home/v/negation-chains/Answers/boolean_literal_false_sequential_through_100-answers.csv,moonshotai/kimi-k2.6,3,1,1.0,0.0,210.0,198.0,258.0
boolean_literal_false_sequential_through_100-answers,/home/v/negation-chains/Answers/boolean_literal_false_sequential_through_100-answers.csv,moonshotai/kimi-k2.6,4,1,1.0,0.0,502.0,497.0,557.0
boolean_literal_false_sequential_through_100-answers,/home/v/negation-chains/Answers/boolean_literal_false_sequential_through_100-answers.csv,moonshotai/kimi-k2.6,5,1,1.0,0.0,445.0,479.0,541.0
boolean_literal_false_sequential_through_100-answers,/home/v/negation-chains/Answers/boolean_literal_false_sequential_through_100-answers.csv,moonshotai/kimi-k2.6,6,1,1.0,0.0,454.0,499.0,562.0
boolean_literal_false_sequential_through_100-answers,/home/v/negation-chains/Answers/boolean_literal_false_sequential_through_100-answers.csv,moonshotai/kimi-k2.6,7,1,1.0,0.0,257.0,267.0,330.0
boolean_literal_false_sequential_through_100-answers,/home/v/negation-chains/Answers/boolean_literal_false_sequential_through_100-answers.csv,moonshotai/kimi-k2.6,8,1,1.0,0.0,514.0,585.0,650.0
boolean_literal_false_sequential_through_100-answers,/home/v/negation-chains/Answers/boolean_literal_false_sequential_through_100-answers.csv,moonshotai/kimi-k2.6,9,1,1.0,0.0,341.0,380.0,446.0
boolean_literal_false_sequential_through_100-answers,/home/v/negation-chains/Answers/boolean_literal_false_sequential_through_100-answers.csv,moonshotai/kimi-k2.6,10,1,1.0,0.0,351.0,343.0,409.0
boolean_literal_false_sequential_through_100-answers,/home/v/negation-chains/Answers/boolean_literal_false_sequential_through_100-answers.csv,moonshotai/kimi-k2.6,11,1,1.0,0.0,292.0,295.0,363.0
boolean_literal_false_sequential_through_100-answers,/home/v/negation-chains/Answers/boolean_literal_false_sequential_through_100-answers.csv,moonshotai/kimi-k2.6,12,1,1.0,0.0,767.0,768.0,837.0
boolean_literal_false_sequential_through_100-answers,/home/v/negation-chains/Answers/boolean_literal_false_sequential_through_100-answers.csv,moonshotai/kimi-k2.6,13,1,1.0,0.0,406.0,434.0,503.0
boolean_literal_false_sequential_through_100-answers,/home/v/negation-chains/Answers/boolean_literal_false_sequential_through_100-answers.csv,moonshotai/kimi-k2.6,14,1,1.0,0.0,532.0,608.0,679.0
boolean_literal_false_sequential_through_100-answers,/home/v/negation-chains/Answers/boolean_literal_false_sequential_through_100-answers.csv,moonshotai/kimi-k2.6,15,1,1.0,0.0,296.0,315.0,387.0
boolean_literal_false_sequential_through_100-answers,/home/v/negation-chains/Answers/boolean_literal_false_sequential_through_100-answers.csv,moonshotai/kimi-k2.6,16,1,1.0,0.0,412.0,456.0,529.0
boolean_literal_false_sequential_through_100-answers,/home/v/negation-chains/Answers/boolean_literal_false_sequential_through_100-answers.csv,moonshotai/kimi-k2.6,17,1,1.0,0.0,709.0,828.0,902.0
boolean_literal_false_sequential_through_100-answers,/home/v/negation-chains/Answers/boolean_literal_false_sequential_through_100-answers.csv,moonshotai/kimi-k2.6,18,1,1.0,0.0,1066.0,1069.0,1144.0
boolean_literal_false_sequential_through_100-answers,/home/v/negation-chains/Answers/boolean_literal_false_sequential_through_100-answers.csv,moonshotai/kimi-k2.6,19,1,1.0,0.0,1047.0,1172.0,1247.0
boolean_literal_false_sequential_through_100-answers,/home/v/negation-chains/Answers/boolean_literal_false_sequential_through_100-answers.csv,moonshotai/kimi-k2.6,20,1,1.0,0.0,740.0,743.0,820.0
boolean_literal_false_sequential_through_100-answers,/home/v/negation-chains/Answers/boolean_literal_false_sequential_through_100-answers.csv,moonshotai/kimi-k2.6,50,1,1.0,0.0,3761.0,4002.0,4109.0
boolean_literal_false_sequential_through_100-answers,/home/v/negation-chains/Answers/boolean_literal_false_sequential_through_100-answers.csv,moonshotai/kimi-k2.6,51,1,0.0,0.0,22164.0,25923.0,26030.0
boolean_literal_false_sequential_through_100-answers,/home/v/negation-chains/Answers/boolean_literal_false_sequential_through_100-answers.csv,moonshotai/kimi-k2.6,100,1,1.0,0.0,16630.0,18974.0,19131.0
boolean_literal_false_sequential_through_100-answers,/home/v/negation-chains/Answers/boolean_literal_false_sequential_through_100-answers.csv,openai/gpt-5.5-pro,0,1,1.0,0.0,147.0,154.0,209.0
boolean_literal_false_sequential_through_100-answers,/home/v/negation-chains/Answers/boolean_literal_false_sequential_through_100-answers.csv,openai/gpt-5.5-pro,1,1,1.0,0.0,65.0,72.0,128.0
boolean_literal_false_sequential_through_100-answers,/home/v/negation-chains/Answers/boolean_literal_false_sequential_through_100-answers.csv,openai/gpt-5.5-pro,2,1,1.0,0.0,91.0,98.0,155.0
boolean_literal_false_sequential_through_100-answers,/home/v/negation-chains/Answers/boolean_literal_false_sequential_through_100-answers.csv,openai/gpt-5.5-pro,3,1,1.0,0.0,140.0,147.0,205.0
boolean_literal_false_sequential_through_100-answers,/home/v/negation-chains/Answers/boolean_literal_false_sequential_through_100-answers.csv,openai/gpt-5.5-pro,4,1,1.0,0.0,89.0,96.0,155.0
boolean_literal_false_sequential_through_100-answers,/home/v/negation-chains/Answers/boolean_literal_false_sequential_through_100-answers.csv,openai/gpt-5.5-pro,5,1,1.0,0.0,107.0,114.0,174.0
boolean_literal_false_sequential_through_100-answers,/home/v/negation-chains/Answers/boolean_literal_false_sequential_through_100-answers.csv,openai/gpt-5.5-pro,6,1,1.0,0.0,102.0,109.0,170.0
boolean_literal_false_sequential_through_100-answers,/home/v/negation-chains/Answers/boolean_literal_false_sequential_through_100-answers.csv,openai/gpt-5.5-pro,7,1,1.0,0.0,153.0,160.0,222.0
boolean_literal_false_sequential_through_100-answers,/home/v/negation-chains/Answers/boolean_literal_false_sequential_through_100-answers.csv,openai/gpt-5.5-pro,8,1,1.0,0.0,95.0,102.0,165.0
boolean_literal_false_sequential_through_100-answers,/home/v/negation-chains/Answers/boolean_literal_false_sequential_through_100-answers.csv,openai/gpt-5.5-pro,9,1,1.0,0.0,135.0,142.0,206.0
boolean_literal_false_sequential_through_100-answers,/home/v/negation-chains/Answers/boolean_literal_false_sequential_through_100-answers.csv,openai/gpt-5.5-pro,10,1,1.0,0.0,108.0,115.0,180.0
boolean_literal_false_sequential_through_100-answers,/home/v/negation-chains/Answers/boolean_literal_false_sequential_through_100-answers.csv,openai/gpt-5.5-pro,11,1,1.0,0.0,134.0,141.0,207.0
boolean_literal_false_sequential_through_100-answers,/home/v/negation-chains/Answers/boolean_literal_false_sequential_through_100-answers.csv,openai/gpt-5.5-pro,12,1,1.0,0.0,165.0,172.0,239.0
boolean_literal_false_sequential_through_100-answers,/home/v/negation-chains/Answers/boolean_literal_false_sequential_through_100-answers.csv,openai/gpt-5.5-pro,13,1,1.0,0.0,140.0,147.0,215.0
boolean_literal_false_sequential_through_100-answers,/home/v/negation-chains/Answers/boolean_literal_false_sequential_through_100-answers.csv,openai/gpt-5.5-pro,14,1,1.0,0.0,152.0,159.0,228.0
boolean_literal_false_sequential_through_100-answers,/home/v/negation-chains/Answers/boolean_literal_false_sequential_through_100-answers.csv,openai/gpt-5.5-pro,15,1,1.0,0.0,189.0,196.0,266.0
boolean_literal_false_sequential_through_100-answers,/home/v/negation-chains/Answers/boolean_literal_false_sequential_through_100-answers.csv,openai/gpt-5.5-pro,16,1,1.0,0.0,153.0,160.0,231.0
boolean_literal_false_sequential_through_100-answers,/home/v/negation-chains/Answers/boolean_literal_false_sequential_through_100-answers.csv,openai/gpt-5.5-pro,17,1,1.0,0.0,351.0,358.0,430.0
boolean_literal_false_sequential_through_100-answers,/home/v/negation-chains/Answers/boolean_literal_false_sequential_through_100-answers.csv,openai/gpt-5.5-pro,18,1,1.0,0.0,185.0,192.0,265.0
boolean_literal_false_sequential_through_100-answers,/home/v/negation-chains/Answers/boolean_literal_false_sequential_through_100-answers.csv,openai/gpt-5.5-pro,19,1,1.0,0.0,389.0,396.0,470.0
boolean_literal_false_sequential_through_100-answers,/home/v/negation-chains/Answers/boolean_literal_false_sequential_through_100-answers.csv,openai/gpt-5.5-pro,20,1,1.0,0.0,237.0,244.0,319.0
boolean_literal_false_sequential_through_100-answers,/home/v/negation-chains/Answers/boolean_literal_false_sequential_through_100-answers.csv,openai/gpt-5.5-pro,50,1,1.0,0.0,842.0,849.0,954.0
boolean_literal_false_sequential_through_100-answers,/home/v/negation-chains/Answers/boolean_literal_false_sequential_through_100-answers.csv,openai/gpt-5.5-pro,51,1,1.0,0.0,2140.0,2147.0,2253.0
boolean_literal_false_sequential_through_100-answers,/home/v/negation-chains/Answers/boolean_literal_false_sequential_through_100-answers.csv,openai/gpt-5.5-pro,100,1,1.0,0.0,2223.0,2230.0,2385.0
boolean_counted_false_targeted-answers,/home/v/negation-chains/Answers/boolean_counted_false_targeted-answers.csv,anthropic/claude-opus-4.7,50,1,1.0,0.0,0.0,5.0,94.0
boolean_counted_false_targeted-answers,/home/v/negation-chains/Answers/boolean_counted_false_targeted-answers.csv,anthropic/claude-opus-4.7,51,1,1.0,0.0,0.0,5.0,94.0
boolean_counted_false_targeted-answers,/home/v/negation-chains/Answers/boolean_counted_false_targeted-answers.csv,anthropic/claude-opus-4.7,100,1,1.0,0.0,0.0,5.0,94.0
boolean_counted_false_targeted-answers,/home/v/negation-chains/Answers/boolean_counted_false_targeted-answers.csv,anthropic/claude-opus-4.7,101,1,1.0,0.0,0.0,5.0,94.0
boolean_counted_false_targeted-answers,/home/v/negation-chains/Answers/boolean_counted_false_targeted-answers.csv,anthropic/claude-opus-4.7,500,1,1.0,0.0,0.0,5.0,94.0
boolean_counted_false_targeted-answers,/home/v/negation-chains/Answers/boolean_counted_false_targeted-answers.csv,anthropic/claude-opus-4.7,501,1,1.0,0.0,0.0,5.0,94.0
boolean_counted_false_targeted-answers,/home/v/negation-chains/Answers/boolean_counted_false_targeted-answers.csv,anthropic/claude-opus-4.7,1000,1,0.0,0.0,0.0,5.0,95.0
boolean_counted_false_targeted-answers,/home/v/negation-chains/Answers/boolean_counted_false_targeted-answers.csv,anthropic/claude-opus-4.7,1001,1,1.0,0.0,0.0,5.0,95.0
boolean_counted_false_targeted-answers,/home/v/negation-chains/Answers/boolean_counted_false_targeted-answers.csv,anthropic/claude-opus-4.7,10000,1,1.0,0.0,0.0,5.0,95.0
boolean_counted_false_targeted-answers,/home/v/negation-chains/Answers/boolean_counted_false_targeted-answers.csv,anthropic/claude-opus-4.7,10001,1,1.0,0.0,0.0,5.0,95.0
boolean_counted_false_targeted-answers,/home/v/negation-chains/Answers/boolean_counted_false_targeted-answers.csv,google/gemini-3.5-flash,50,1,1.0,0.0,247.0,248.0,301.0
boolean_counted_false_targeted-answers,/home/v/negation-chains/Answers/boolean_counted_false_targeted-answers.csv,google/gemini-3.5-flash,51,1,1.0,0.0,208.0,209.0,262.0
boolean_counted_false_targeted-answers,/home/v/negation-chains/Answers/boolean_counted_false_targeted-answers.csv,google/gemini-3.5-flash,100,1,1.0,0.0,264.0,265.0,319.0
boolean_counted_false_targeted-answers,/home/v/negation-chains/Answers/boolean_counted_false_targeted-answers.csv,google/gemini-3.5-flash,101,1,1.0,0.0,294.0,295.0,349.0
boolean_counted_false_targeted-answers,/home/v/negation-chains/Answers/boolean_counted_false_targeted-answers.csv,google/gemini-3.5-flash,500,1,1.0,0.0,249.0,250.0,304.0
boolean_counted_false_targeted-answers,/home/v/negation-chains/Answers/boolean_counted_false_targeted-answers.csv,google/gemini-3.5-flash,501,1,1.0,0.0,231.0,232.0,286.0
boolean_counted_false_targeted-answers,/home/v/negation-chains/Answers/boolean_counted_false_targeted-answers.csv,google/gemini-3.5-flash,1000,1,1.0,0.0,313.0,314.0,369.0
boolean_counted_false_targeted-answers,/home/v/negation-chains/Answers/boolean_counted_false_targeted-answers.csv,google/gemini-3.5-flash,1001,1,1.0,0.0,246.0,247.0,302.0
boolean_counted_false_targeted-answers,/home/v/negation-chains/Answers/boolean_counted_false_targeted-answers.csv,google/gemini-3.5-flash,10000,1,1.0,0.0,260.0,261.0,317.0
boolean_counted_false_targeted-answers,/home/v/negation-chains/Answers/boolean_counted_false_targeted-answers.csv,google/gemini-3.5-flash,10001,1,1.0,0.0,303.0,304.0,360.0
boolean_counted_false_targeted-answers,/home/v/negation-chains/Answers/boolean_counted_false_targeted-answers.csv,moonshotai/kimi-k2.6,50,1,1.0,0.0,187.0,160.0,224.0
boolean_counted_false_targeted-answers,/home/v/negation-chains/Answers/boolean_counted_false_targeted-answers.csv,moonshotai/kimi-k2.6,51,1,1.0,0.0,157.0,158.0,222.0
boolean_counted_false_targeted-answers,/home/v/negation-chains/Answers/boolean_counted_false_targeted-answers.csv,moonshotai/kimi-k2.6,100,1,1.0,0.0,150.0,151.0,215.0
boolean_counted_false_targeted-answers,/home/v/negation-chains/Answers/boolean_counted_false_targeted-answers.csv,moonshotai/kimi-k2.6,101,1,1.0,0.0,173.0,157.0,221.0
boolean_counted_false_targeted-answers,/home/v/negation-chains/Answers/boolean_counted_false_targeted-answers.csv,moonshotai/kimi-k2.6,500,1,1.0,0.0,153.0,151.0,215.0
boolean_counted_false_targeted-answers,/home/v/negation-chains/Answers/boolean_counted_false_targeted-answers.csv,moonshotai/kimi-k2.6,501,1,1.0,0.0,136.0,129.0,192.0
boolean_counted_false_targeted-answers,/home/v/negation-chains/Answers/boolean_counted_false_targeted-answers.csv,moonshotai/kimi-k2.6,1000,1,1.0,0.0,149.0,140.0,205.0
boolean_counted_false_targeted-answers,/home/v/negation-chains/Answers/boolean_counted_false_targeted-answers.csv,moonshotai/kimi-k2.6,1001,1,1.0,0.0,145.0,138.0,203.0
boolean_counted_false_targeted-answers,/home/v/negation-chains/Answers/boolean_counted_false_targeted-answers.csv,moonshotai/kimi-k2.6,10000,1,1.0,0.0,225.0,204.0,269.0
boolean_counted_false_targeted-answers,/home/v/negation-chains/Answers/boolean_counted_false_targeted-answers.csv,moonshotai/kimi-k2.6,10001,1,1.0,0.0,134.0,137.0,202.0
boolean_counted_false_targeted-answers,/home/v/negation-chains/Answers/boolean_counted_false_targeted-answers.csv,openai/gpt-5.5-pro,50,1,1.0,0.0,62.0,69.0,131.0
boolean_counted_false_targeted-answers,/home/v/negation-chains/Answers/boolean_counted_false_targeted-answers.csv,openai/gpt-5.5-pro,51,1,1.0,0.0,64.0,71.0,133.0
boolean_counted_false_targeted-answers,/home/v/negation-chains/Answers/boolean_counted_false_targeted-answers.csv,openai/gpt-5.5-pro,100,1,1.0,0.0,64.0,71.0,133.0
boolean_counted_false_targeted-answers,/home/v/negation-chains/Answers/boolean_counted_false_targeted-answers.csv,openai/gpt-5.5-pro,101,1,1.0,0.0,52.0,59.0,121.0
boolean_counted_false_targeted-answers,/home/v/negation-chains/Answers/boolean_counted_false_targeted-answers.csv,openai/gpt-5.5-pro,500,1,1.0,0.0,59.0,66.0,128.0
boolean_counted_false_targeted-answers,/home/v/negation-chains/Answers/boolean_counted_false_targeted-answers.csv,openai/gpt-5.5-pro,501,1,1.0,0.0,53.0,60.0,122.0
boolean_counted_false_targeted-answers,/home/v/negation-chains/Answers/boolean_counted_false_targeted-answers.csv,openai/gpt-5.5-pro,1000,1,1.0,0.0,71.0,78.0,141.0
boolean_counted_false_targeted-answers,/home/v/negation-chains/Answers/boolean_counted_false_targeted-answers.csv,openai/gpt-5.5-pro,1001,1,1.0,0.0,61.0,68.0,131.0
boolean_counted_false_targeted-answers,/home/v/negation-chains/Answers/boolean_counted_false_targeted-answers.csv,openai/gpt-5.5-pro,10000,1,1.0,0.0,56.0,63.0,126.0
boolean_counted_false_targeted-answers,/home/v/negation-chains/Answers/boolean_counted_false_targeted-answers.csv,openai/gpt-5.5-pro,10001,1,1.0,0.0,54.0,61.0,124.0
boolean_literal_true_sequential-answers,/home/v/negation-chains/Answers/boolean_literal_true_sequential-answers.csv,anthropic/claude-opus-4.7,0,1,1.0,0.0,0.0,5.0,88.0
boolean_literal_true_sequential-answers,/home/v/negation-chains/Answers/boolean_literal_true_sequential-answers.csv,anthropic/claude-opus-4.7,1,1,1.0,0.0,0.0,5.0,89.0
boolean_literal_true_sequential-answers,/home/v/negation-chains/Answers/boolean_literal_true_sequential-answers.csv,anthropic/claude-opus-4.7,2,1,1.0,0.0,0.0,5.0,90.0
boolean_literal_true_sequential-answers,/home/v/negation-chains/Answers/boolean_literal_true_sequential-answers.csv,anthropic/claude-opus-4.7,3,1,1.0,0.0,0.0,5.0,91.0
boolean_literal_true_sequential-answers,/home/v/negation-chains/Answers/boolean_literal_true_sequential-answers.csv,anthropic/claude-opus-4.7,4,1,1.0,0.0,0.0,5.0,92.0
boolean_literal_true_sequential-answers,/home/v/negation-chains/Answers/boolean_literal_true_sequential-answers.csv,anthropic/claude-opus-4.7,5,1,1.0,0.0,0.0,5.0,93.0
boolean_literal_true_sequential-answers,/home/v/negation-chains/Answers/boolean_literal_true_sequential-answers.csv,anthropic/claude-opus-4.7,6,1,1.0,0.0,0.0,5.0,94.0
boolean_literal_true_sequential-answers,/home/v/negation-chains/Answers/boolean_literal_true_sequential-answers.csv,anthropic/claude-opus-4.7,7,1,0.0,0.0,0.0,5.0,95.0
boolean_literal_true_sequential-answers,/home/v/negation-chains/Answers/boolean_literal_true_sequential-answers.csv,anthropic/claude-opus-4.7,8,1,1.0,0.0,0.0,5.0,96.0
boolean_literal_true_sequential-answers,/home/v/negation-chains/Answers/boolean_literal_true_sequential-answers.csv,anthropic/claude-opus-4.7,9,1,1.0,0.0,0.0,5.0,97.0
boolean_literal_true_sequential-answers,/home/v/negation-chains/Answers/boolean_literal_true_sequential-answers.csv,anthropic/claude-opus-4.7,10,1,0.0,0.0,0.0,5.0,98.0
boolean_literal_true_sequential-answers,/home/v/negation-chains/Answers/boolean_literal_true_sequential-answers.csv,anthropic/claude-opus-4.7,11,1,1.0,0.0,0.0,5.0,99.0
boolean_literal_true_sequential-answers,/home/v/negation-chains/Answers/boolean_literal_true_sequential-answers.csv,anthropic/claude-opus-4.7,12,1,1.0,0.0,26.0,75.0,170.0
boolean_literal_true_sequential-answers,/home/v/negation-chains/Answers/boolean_literal_true_sequential-answers.csv,anthropic/claude-opus-4.7,13,1,1.0,0.0,0.0,5.0,101.0
boolean_literal_true_sequential-answers,/home/v/negation-chains/Answers/boolean_literal_true_sequential-answers.csv,anthropic/claude-opus-4.7,14,1,1.0,0.0,0.0,52.0,149.0
boolean_literal_true_sequential-answers,/home/v/negation-chains/Answers/boolean_literal_true_sequential-answers.csv,anthropic/claude-opus-4.7,15,1,1.0,0.0,19.0,32.0,130.0
boolean_literal_true_sequential-answers,/home/v/negation-chains/Answers/boolean_literal_true_sequential-answers.csv,anthropic/claude-opus-4.7,16,1,1.0,0.0,32.0,129.0,228.0
boolean_literal_true_sequential-answers,/home/v/negation-chains/Answers/boolean_literal_true_sequential-answers.csv,anthropic/claude-opus-4.7,17,1,1.0,0.0,0.0,42.0,142.0
boolean_literal_true_sequential-answers,/home/v/negation-chains/Answers/boolean_literal_true_sequential-answers.csv,anthropic/claude-opus-4.7,18,1,1.0,0.0,30.0,34.0,135.0
boolean_literal_true_sequential-answers,/home/v/negation-chains/Answers/boolean_literal_true_sequential-answers.csv,anthropic/claude-opus-4.7,19,1,1.0,0.0,0.0,42.0,144.0
boolean_literal_true_sequential-answers,/home/v/negation-chains/Answers/boolean_literal_true_sequential-answers.csv,anthropic/claude-opus-4.7,20,1,1.0,0.0,0.0,5.0,108.0
boolean_literal_true_sequential-answers,/home/v/negation-chains/Answers/boolean_literal_true_sequential-answers.csv,anthropic/claude-opus-4.7,50,1,1.0,0.0,128.0,1442.0,1575.0
boolean_literal_true_sequential-answers,/home/v/negation-chains/Answers/boolean_literal_true_sequential-answers.csv,anthropic/claude-opus-4.7,51,1,1.0,0.0,237.0,3833.0,3967.0
boolean_literal_true_sequential-answers,/home/v/negation-chains/Answers/boolean_literal_true_sequential-answers.csv,anthropic/claude-opus-4.7,100,1,0.0,0.0,537.0,8145.0,8328.0
boolean_literal_true_sequential-answers,/home/v/negation-chains/Answers/boolean_literal_true_sequential-answers.csv,google/gemini-3.5-flash,0,1,1.0,0.0,137.0,138.0,183.0
boolean_literal_true_sequential-answers,/home/v/negation-chains/Answers/boolean_literal_true_sequential-answers.csv,google/gemini-3.5-flash,1,1,1.0,0.0,381.0,382.0,428.0
boolean_literal_true_sequential-answers,/home/v/negation-chains/Answers/boolean_literal_true_sequential-answers.csv,google/gemini-3.5-flash,2,1,1.0,0.0,135.0,136.0,183.0
boolean_literal_true_sequential-answers,/home/v/negation-chains/Answers/boolean_literal_true_sequential-answers.csv,google/gemini-3.5-flash,3,1,1.0,0.0,132.0,133.0,181.0
boolean_literal_true_sequential-answers,/home/v/negation-chains/Answers/boolean_literal_true_sequential-answers.csv,google/gemini-3.5-flash,4,1,1.0,0.0,201.0,202.0,251.0
boolean_literal_true_sequential-answers,/home/v/negation-chains/Answers/boolean_literal_true_sequential-answers.csv,google/gemini-3.5-flash,5,1,1.0,0.0,329.0,330.0,380.0
boolean_literal_true_sequential-answers,/home/v/negation-chains/Answers/boolean_literal_true_sequential-answers.csv,google/gemini-3.5-flash,6,1,1.0,0.0,277.0,278.0,329.0
boolean_literal_true_sequential-answers,/home/v/negation-chains/Answers/boolean_literal_true_sequential-answers.csv,google/gemini-3.5-flash,7,1,1.0,0.0,267.0,268.0,320.0
boolean_literal_true_sequential-answers,/home/v/negation-chains/Answers/boolean_literal_true_sequential-answers.csv,google/gemini-3.5-flash,8,1,1.0,0.0,286.0,287.0,340.0
boolean_literal_true_sequential-answers,/home/v/negation-chains/Answers/boolean_literal_true_sequential-answers.csv,google/gemini-3.5-flash,9,1,1.0,0.0,220.0,221.0,275.0
boolean_literal_true_sequential-answers,/home/v/negation-chains/Answers/boolean_literal_true_sequential-answers.csv,google/gemini-3.5-flash,10,1,1.0,0.0,394.0,395.0,450.0
boolean_literal_true_sequential-answers,/home/v/negation-chains/Answers/boolean_literal_true_sequential-answers.csv,google/gemini-3.5-flash,11,1,1.0,0.0,523.0,524.0,580.0
boolean_literal_true_sequential-answers,/home/v/negation-chains/Answers/boolean_literal_true_sequential-answers.csv,google/gemini-3.5-flash,12,1,1.0,0.0,375.0,376.0,433.0
boolean_literal_true_sequential-answers,/home/v/negation-chains/Answers/boolean_literal_true_sequential-answers.csv,google/gemini-3.5-flash,13,1,1.0,0.0,504.0,505.0,563.0
boolean_literal_true_sequential-answers,/home/v/negation-chains/Answers/boolean_literal_true_sequential-answers.csv,google/gemini-3.5-flash,14,1,1.0,0.0,604.0,605.0,664.0
boolean_literal_true_sequential-answers,/home/v/negation-chains/Answers/boolean_literal_true_sequential-answers.csv,google/gemini-3.5-flash,15,1,1.0,0.0,820.0,821.0,881.0
boolean_literal_true_sequential-answers,/home/v/negation-chains/Answers/boolean_literal_true_sequential-answers.csv,google/gemini-3.5-flash,16,1,1.0,0.0,555.0,556.0,617.0
boolean_literal_true_sequential-answers,/home/v/negation-chains/Answers/boolean_literal_true_sequential-answers.csv,google/gemini-3.5-flash,17,1,1.0,0.0,730.0,731.0,793.0
boolean_literal_true_sequential-answers,/home/v/negation-chains/Answers/boolean_literal_true_sequential-answers.csv,google/gemini-3.5-flash,18,1,1.0,0.0,702.0,703.0,766.0
boolean_literal_true_sequential-answers,/home/v/negation-chains/Answers/boolean_literal_true_sequential-answers.csv,google/gemini-3.5-flash,19,1,1.0,0.0,770.0,771.0,835.0
boolean_literal_true_sequential-answers,/home/v/negation-chains/Answers/boolean_literal_true_sequential-answers.csv,google/gemini-3.5-flash,20,1,1.0,0.0,1123.0,1124.0,1189.0
boolean_literal_true_sequential-answers,/home/v/negation-chains/Answers/boolean_literal_true_sequential-answers.csv,google/gemini-3.5-flash,50,1,1.0,0.0,1278.0,1279.0,1374.0
boolean_literal_true_sequential-answers,/home/v/negation-chains/Answers/boolean_literal_true_sequential-answers.csv,google/gemini-3.5-flash,51,1,1.0,0.0,2077.0,2078.0,2174.0
boolean_literal_true_sequential-answers,/home/v/negation-chains/Answers/boolean_literal_true_sequential-answers.csv,google/gemini-3.5-flash,100,1,1.0,0.0,2619.0,2620.0,2765.0
boolean_literal_true_sequential-answers,/home/v/negation-chains/Answers/boolean_literal_true_sequential-answers.csv,moonshotai/kimi-k2.6,0,1,1.0,0.0,83.0,71.0,128.0
boolean_literal_true_sequential-answers,/home/v/negation-chains/Answers/boolean_literal_true_sequential-answers.csv,moonshotai/kimi-k2.6,1,1,1.0,0.0,144.0,132.0,190.0
boolean_literal_true_sequential-answers,/home/v/negation-chains/Answers/boolean_literal_true_sequential-answers.csv,moonshotai/kimi-k2.6,2,1,1.0,0.0,96.0,87.0,146.0
boolean_literal_true_sequential-answers,/home/v/negation-chains/Answers/boolean_literal_true_sequential-answers.csv,moonshotai/kimi-k2.6,3,1,1.0,0.0,119.0,110.0,169.0
boolean_literal_true_sequential-answers,/home/v/negation-chains/Answers/boolean_literal_true_sequential-answers.csv,moonshotai/kimi-k2.6,4,1,1.0,0.0,361.0,373.0,434.0
boolean_literal_true_sequential-answers,/home/v/negation-chains/Answers/boolean_literal_true_sequential-answers.csv,moonshotai/kimi-k2.6,5,1,1.0,0.0,197.0,190.0,251.0
boolean_literal_true_sequential-answers,/home/v/negation-chains/Answers/boolean_literal_true_sequential-answers.csv,moonshotai/kimi-k2.6,6,1,1.0,0.0,250.0,273.0,336.0
boolean_literal_true_sequential-answers,/home/v/negation-chains/Answers/boolean_literal_true_sequential-answers.csv,moonshotai/kimi-k2.6,7,1,1.0,0.0,236.0,262.0,326.0
boolean_literal_true_sequential-answers,/home/v/negation-chains/Answers/boolean_literal_true_sequential-answers.csv,moonshotai/kimi-k2.6,8,1,1.0,0.0,349.0,359.0,423.0
boolean_literal_true_sequential-answers,/home/v/negation-chains/Answers/boolean_literal_true_sequential-answers.csv,moonshotai/kimi-k2.6,9,1,1.0,0.0,248.0,251.0,317.0
boolean_literal_true_sequential-answers,/home/v/negation-chains/Answers/boolean_literal_true_sequential-answers.csv,moonshotai/kimi-k2.6,10,1,1.0,0.0,623.0,675.0,742.0
boolean_literal_true_sequential-answers,/home/v/negation-chains/Answers/boolean_literal_true_sequential-answers.csv,moonshotai/kimi-k2.6,11,1,1.0,0.0,1560.0,1651.0,1719.0
boolean_literal_true_sequential-answers,/home/v/negation-chains/Answers/boolean_literal_true_sequential-answers.csv,moonshotai/kimi-k2.6,12,1,1.0,0.0,688.0,725.0,794.0
boolean_literal_true_sequential-answers,/home/v/negation-chains/Answers/boolean_literal_true_sequential-answers.csv,moonshotai/kimi-k2.6,13,1,1.0,0.0,542.0,543.0,613.0
boolean_literal_true_sequential-answers,/home/v/negation-chains/Answers/boolean_literal_true_sequential-answers.csv,moonshotai/kimi-k2.6,14,1,1.0,0.0,350.0,408.0,479.0
boolean_literal_true_sequential-answers,/home/v/negation-chains/Answers/boolean_literal_true_sequential-answers.csv,moonshotai/kimi-k2.6,15,1,1.0,0.0,287.0,285.0,357.0
boolean_literal_true_sequential-answers,/home/v/negation-chains/Answers/boolean_literal_true_sequential-answers.csv,moonshotai/kimi-k2.6,16,1,1.0,0.0,332.0,371.0,443.0
boolean_literal_true_sequential-answers,/home/v/negation-chains/Answers/boolean_literal_true_sequential-answers.csv,moonshotai/kimi-k2.6,17,1,1.0,0.0,704.0,780.0,854.0
boolean_literal_true_sequential-answers,/home/v/negation-chains/Answers/boolean_literal_true_sequential-answers.csv,moonshotai/kimi-k2.6,18,1,1.0,0.0,848.0,851.0,926.0
boolean_literal_true_sequential-answers,/home/v/negation-chains/Answers/boolean_literal_true_sequential-answers.csv,moonshotai/kimi-k2.6,19,1,1.0,0.0,718.0,721.0,797.0
boolean_literal_true_sequential-answers,/home/v/negation-chains/Answers/boolean_literal_true_sequential-answers.csv,moonshotai/kimi-k2.6,20,1,1.0,0.0,567.0,642.0,719.0
boolean_literal_true_sequential-answers,/home/v/negation-chains/Answers/boolean_literal_true_sequential-answers.csv,moonshotai/kimi-k2.6,50,1,1.0,0.0,6731.0,7517.0,7624.0
boolean_literal_true_sequential-answers,/home/v/negation-chains/Answers/boolean_literal_true_sequential-answers.csv,moonshotai/kimi-k2.6,51,1,0.0,0.0,5126.0,5728.0,5836.0
boolean_literal_true_sequential-answers,/home/v/negation-chains/Answers/boolean_literal_true_sequential-answers.csv,moonshotai/kimi-k2.6,100,1,1.0,0.0,29838.0,29839.0,29996.0
boolean_literal_true_sequential-answers,/home/v/negation-chains/Answers/boolean_literal_true_sequential-answers.csv,openai/gpt-5.5-pro,0,1,1.0,0.0,46.0,53.0,108.0
boolean_literal_true_sequential-answers,/home/v/negation-chains/Answers/boolean_literal_true_sequential-answers.csv,openai/gpt-5.5-pro,1,1,1.0,0.0,135.0,142.0,198.0
boolean_literal_true_sequential-answers,/home/v/negation-chains/Answers/boolean_literal_true_sequential-answers.csv,openai/gpt-5.5-pro,2,1,1.0,0.0,38.0,45.0,102.0
boolean_literal_true_sequential-answers,/home/v/negation-chains/Answers/boolean_literal_true_sequential-answers.csv,openai/gpt-5.5-pro,3,1,1.0,0.0,95.0,102.0,160.0
boolean_literal_true_sequential-answers,/home/v/negation-chains/Answers/boolean_literal_true_sequential-answers.csv,openai/gpt-5.5-pro,4,1,1.0,0.0,79.0,86.0,145.0
boolean_literal_true_sequential-answers,/home/v/negation-chains/Answers/boolean_literal_true_sequential-answers.csv,openai/gpt-5.5-pro,5,1,1.0,0.0,92.0,99.0,159.0
boolean_literal_true_sequential-answers,/home/v/negation-chains/Answers/boolean_literal_true_sequential-answers.csv,openai/gpt-5.5-pro,6,1,1.0,0.0,84.0,91.0,152.0
boolean_literal_true_sequential-answers,/home/v/negation-chains/Answers/boolean_literal_true_sequential-answers.csv,openai/gpt-5.5-pro,7,1,1.0,0.0,98.0,105.0,167.0
boolean_literal_true_sequential-answers,/home/v/negation-chains/Answers/boolean_literal_true_sequential-answers.csv,openai/gpt-5.5-pro,8,1,1.0,0.0,86.0,93.0,156.0
boolean_literal_true_sequential-answers,/home/v/negation-chains/Answers/boolean_literal_true_sequential-answers.csv,openai/gpt-5.5-pro,9,1,1.0,0.0,110.0,117.0,181.0
boolean_literal_true_sequential-answers,/home/v/negation-chains/Answers/boolean_literal_true_sequential-answers.csv,openai/gpt-5.5-pro,10,1,1.0,0.0,147.0,154.0,219.0
boolean_literal_true_sequential-answers,/home/v/negation-chains/Answers/boolean_literal_true_sequential-answers.csv,openai/gpt-5.5-pro,11,1,1.0,0.0,150.0,157.0,223.0
boolean_literal_true_sequential-answers,/home/v/negation-chains/Answers/boolean_literal_true_sequential-answers.csv,openai/gpt-5.5-pro,12,1,1.0,0.0,134.0,141.0,208.0
boolean_literal_true_sequential-answers,/home/v/negation-chains/Answers/boolean_literal_true_sequential-answers.csv,openai/gpt-5.5-pro,13,1,1.0,0.0,202.0,209.0,277.0
boolean_literal_true_sequential-answers,/home/v/negation-chains/Answers/boolean_literal_true_sequential-answers.csv,openai/gpt-5.5-pro,14,1,1.0,0.0,131.0,138.0,207.0
boolean_literal_true_sequential-answers,/home/v/negation-chains/Answers/boolean_literal_true_sequential-answers.csv,openai/gpt-5.5-pro,15,1,1.0,0.0,199.0,206.0,276.0
boolean_literal_true_sequential-answers,/home/v/negation-chains/Answers/boolean_literal_true_sequential-answers.csv,openai/gpt-5.5-pro,16,1,1.0,0.0,173.0,180.0,251.0
boolean_literal_true_sequential-answers,/home/v/negation-chains/Answers/boolean_literal_true_sequential-answers.csv,openai/gpt-5.5-pro,17,1,1.0,0.0,304.0,311.0,383.0
boolean_literal_true_sequential-answers,/home/v/negation-chains/Answers/boolean_literal_true_sequential-answers.csv,openai/gpt-5.5-pro,18,1,1.0,0.0,189.0,196.0,269.0
boolean_literal_true_sequential-answers,/home/v/negation-chains/Answers/boolean_literal_true_sequential-answers.csv,openai/gpt-5.5-pro,19,1,1.0,0.0,544.0,551.0,625.0
boolean_literal_true_sequential-answers,/home/v/negation-chains/Answers/boolean_literal_true_sequential-answers.csv,openai/gpt-5.5-pro,20,1,1.0,0.0,174.0,181.0,256.0
boolean_literal_true_sequential-answers,/home/v/negation-chains/Answers/boolean_literal_true_sequential-answers.csv,openai/gpt-5.5-pro,50,1,1.0,0.0,820.0,827.0,932.0
boolean_literal_true_sequential-answers,/home/v/negation-chains/Answers/boolean_literal_true_sequential-answers.csv,openai/gpt-5.5-pro,51,1,1.0,0.0,1666.0,1673.0,1779.0
boolean_literal_true_sequential-answers,/home/v/negation-chains/Answers/boolean_literal_true_sequential-answers.csv,openai/gpt-5.5-pro,100,1,1.0,0.0,4089.0,4096.0,4251.0
sentiment_literal_targeted-answers,/home/v/negation-chains/Answers/sentiment_literal_targeted-answers.csv,anthropic/claude-opus-4.7,0,1,1.0,0.0,0.0,6.0,91.0
sentiment_literal_targeted-answers,/home/v/negation-chains/Answers/sentiment_literal_targeted-answers.csv,anthropic/claude-opus-4.7,1,1,1.0,0.0,0.0,6.0,92.0
sentiment_literal_targeted-answers,/home/v/negation-chains/Answers/sentiment_literal_targeted-answers.csv,anthropic/claude-opus-4.7,2,1,1.0,0.0,0.0,6.0,93.0
sentiment_literal_targeted-answers,/home/v/negation-chains/Answers/sentiment_literal_targeted-answers.csv,anthropic/claude-opus-4.7,5,1,1.0,0.0,0.0,6.0,96.0
sentiment_literal_targeted-answers,/home/v/negation-chains/Answers/sentiment_literal_targeted-answers.csv,anthropic/claude-opus-4.7,10,1,1.0,0.0,32.0,83.0,178.0
sentiment_literal_targeted-answers,/home/v/negation-chains/Answers/sentiment_literal_targeted-answers.csv,anthropic/claude-opus-4.7,20,1,1.0,0.0,0.0,6.0,111.0
sentiment_literal_targeted-answers,/home/v/negation-chains/Answers/sentiment_literal_targeted-answers.csv,anthropic/claude-opus-4.7,50,1,0.0,0.0,28.0,37.0,172.0
sentiment_literal_targeted-answers,/home/v/negation-chains/Answers/sentiment_literal_targeted-answers.csv,anthropic/claude-opus-4.7,51,1,1.0,0.0,37.0,44.0,180.0
sentiment_literal_targeted-answers,/home/v/negation-chains/Answers/sentiment_literal_targeted-answers.csv,google/gemini-3.5-flash,0,1,1.0,0.0,134.0,135.0,178.0
sentiment_literal_targeted-answers,/home/v/negation-chains/Answers/sentiment_literal_targeted-answers.csv,google/gemini-3.5-flash,1,1,1.0,0.0,107.0,108.0,152.0
sentiment_literal_targeted-answers,/home/v/negation-chains/Answers/sentiment_literal_targeted-answers.csv,google/gemini-3.5-flash,2,1,1.0,0.0,115.0,116.0,161.0
sentiment_literal_targeted-answers,/home/v/negation-chains/Answers/sentiment_literal_targeted-answers.csv,google/gemini-3.5-flash,5,1,1.0,0.0,229.0,230.0,278.0
sentiment_literal_targeted-answers,/home/v/negation-chains/Answers/sentiment_literal_targeted-answers.csv,google/gemini-3.5-flash,10,1,1.0,0.0,378.0,379.0,432.0
sentiment_literal_targeted-answers,/home/v/negation-chains/Answers/sentiment_literal_targeted-answers.csv,google/gemini-3.5-flash,20,1,1.0,0.0,386.0,387.0,450.0
sentiment_literal_targeted-answers,/home/v/negation-chains/Answers/sentiment_literal_targeted-answers.csv,google/gemini-3.5-flash,50,1,1.0,0.0,1876.0,1877.0,1970.0
sentiment_literal_targeted-answers,/home/v/negation-chains/Answers/sentiment_literal_targeted-answers.csv,google/gemini-3.5-flash,51,1,1.0,0.0,3350.0,3351.0,3445.0
sentiment_literal_targeted-answers,/home/v/negation-chains/Answers/sentiment_literal_targeted-answers.csv,moonshotai/kimi-k2.6,0,1,1.0,0.0,159.0,123.0,178.0
sentiment_literal_targeted-answers,/home/v/negation-chains/Answers/sentiment_literal_targeted-answers.csv,moonshotai/kimi-k2.6,1,1,1.0,0.0,112.0,87.0,143.0
sentiment_literal_targeted-answers,/home/v/negation-chains/Answers/sentiment_literal_targeted-answers.csv,moonshotai/kimi-k2.6,2,1,1.0,0.0,103.0,86.0,143.0
sentiment_literal_targeted-answers,/home/v/negation-chains/Answers/sentiment_literal_targeted-answers.csv,moonshotai/kimi-k2.6,5,1,1.0,0.0,298.0,274.0,334.0
sentiment_literal_targeted-answers,/home/v/negation-chains/Answers/sentiment_literal_targeted-answers.csv,moonshotai/kimi-k2.6,10,1,1.0,0.0,410.0,409.0,473.0
sentiment_literal_targeted-answers,/home/v/negation-chains/Answers/sentiment_literal_targeted-answers.csv,moonshotai/kimi-k2.6,20,1,1.0,0.0,284.0,287.0,362.0
sentiment_literal_targeted-answers,/home/v/negation-chains/Answers/sentiment_literal_targeted-answers.csv,moonshotai/kimi-k2.6,50,1,0.0,1.0,15197.0,16384.0,16489.0
sentiment_literal_targeted-answers,/home/v/negation-chains/Answers/sentiment_literal_targeted-answers.csv,moonshotai/kimi-k2.6,51,1,0.0,0.0,2885.0,3171.0,3277.0
sentiment_literal_targeted-answers,/home/v/negation-chains/Answers/sentiment_literal_targeted-answers.csv,openai/gpt-5.5-pro,0,1,1.0,0.0,43.0,50.0,103.0
sentiment_literal_targeted-answers,/home/v/negation-chains/Answers/sentiment_literal_targeted-answers.csv,openai/gpt-5.5-pro,1,1,1.0,0.0,46.0,53.0,107.0
sentiment_literal_targeted-answers,/home/v/negation-chains/Answers/sentiment_literal_targeted-answers.csv,openai/gpt-5.5-pro,2,1,1.0,0.0,47.0,54.0,109.0
sentiment_literal_targeted-answers,/home/v/negation-chains/Answers/sentiment_literal_targeted-answers.csv,openai/gpt-5.5-pro,5,1,1.0,0.0,80.0,87.0,145.0
sentiment_literal_targeted-answers,/home/v/negation-chains/Answers/sentiment_literal_targeted-answers.csv,openai/gpt-5.5-pro,10,1,1.0,0.0,126.0,133.0,196.0
sentiment_literal_targeted-answers,/home/v/negation-chains/Answers/sentiment_literal_targeted-answers.csv,openai/gpt-5.5-pro,20,1,1.0,0.0,208.0,215.0,288.0
sentiment_literal_targeted-answers,/home/v/negation-chains/Answers/sentiment_literal_targeted-answers.csv,openai/gpt-5.5-pro,50,1,1.0,0.0,475.0,482.0,585.0
sentiment_literal_targeted-answers,/home/v/negation-chains/Answers/sentiment_literal_targeted-answers.csv,openai/gpt-5.5-pro,51,1,1.0,0.0,1125.0,1132.0,1236.0
lock_literal_targeted-answers,/home/v/negation-chains/Answers/lock_literal_targeted-answers.csv,anthropic/claude-opus-4.7,0,1,1.0,0.0,0.0,6.0,92.0
lock_literal_targeted-answers,/home/v/negation-chains/Answers/lock_literal_targeted-answers.csv,anthropic/claude-opus-4.7,1,1,1.0,0.0,0.0,8.0,95.0
lock_literal_targeted-answers,/home/v/negation-chains/Answers/lock_literal_targeted-answers.csv,anthropic/claude-opus-4.7,2,1,1.0,0.0,0.0,6.0,94.0
lock_literal_targeted-answers,/home/v/negation-chains/Answers/lock_literal_targeted-answers.csv,anthropic/claude-opus-4.7,5,1,0.0,0.0,0.0,6.0,97.0
lock_literal_targeted-answers,/home/v/negation-chains/Answers/lock_literal_targeted-answers.csv,anthropic/claude-opus-4.7,10,1,1.0,0.0,0.0,6.0,102.0
lock_literal_targeted-answers,/home/v/negation-chains/Answers/lock_literal_targeted-answers.csv,anthropic/claude-opus-4.7,20,1,1.0,0.0,0.0,6.0,112.0
lock_literal_targeted-answers,/home/v/negation-chains/Answers/lock_literal_targeted-answers.csv,anthropic/claude-opus-4.7,50,1,1.0,0.0,0.0,6.0,142.0
lock_literal_targeted-answers,/home/v/negation-chains/Answers/lock_literal_targeted-answers.csv,anthropic/claude-opus-4.7,51,1,1.0,0.0,23.0,45.0,182.0
lock_literal_targeted-answers,/home/v/negation-chains/Answers/lock_literal_targeted-answers.csv,google/gemini-3.5-flash,0,1,1.0,0.0,103.0,104.0,147.0
lock_literal_targeted-answers,/home/v/negation-chains/Answers/lock_literal_targeted-answers.csv,google/gemini-3.5-flash,1,1,1.0,0.0,106.0,108.0,152.0
lock_literal_targeted-answers,/home/v/negation-chains/Answers/lock_literal_targeted-answers.csv,google/gemini-3.5-flash,2,1,1.0,0.0,146.0,147.0,192.0
lock_literal_targeted-answers,/home/v/negation-chains/Answers/lock_literal_targeted-answers.csv,google/gemini-3.5-flash,5,1,1.0,0.0,212.0,214.0,262.0
lock_literal_targeted-answers,/home/v/negation-chains/Answers/lock_literal_targeted-answers.csv,google/gemini-3.5-flash,10,1,1.0,0.0,305.0,306.0,359.0
lock_literal_targeted-answers,/home/v/negation-chains/Answers/lock_literal_targeted-answers.csv,google/gemini-3.5-flash,20,1,1.0,0.0,673.0,674.0,737.0
lock_literal_targeted-answers,/home/v/negation-chains/Answers/lock_literal_targeted-answers.csv,google/gemini-3.5-flash,50,1,1.0,0.0,1768.0,1769.0,1862.0
lock_literal_targeted-answers,/home/v/negation-chains/Answers/lock_literal_targeted-answers.csv,google/gemini-3.5-flash,51,1,1.0,0.0,1826.0,1828.0,1922.0
lock_literal_targeted-answers,/home/v/negation-chains/Answers/lock_literal_targeted-answers.csv,moonshotai/kimi-k2.6,0,1,1.0,0.0,104.0,107.0,162.0
lock_literal_targeted-answers,/home/v/negation-chains/Answers/lock_literal_targeted-answers.csv,moonshotai/kimi-k2.6,1,1,1.0,0.0,82.0,76.0,132.0
lock_literal_targeted-answers,/home/v/negation-chains/Answers/lock_literal_targeted-answers.csv,moonshotai/kimi-k2.6,2,1,1.0,0.0,131.0,118.0,175.0
lock_literal_targeted-answers,/home/v/negation-chains/Answers/lock_literal_targeted-answers.csv,moonshotai/kimi-k2.6,5,1,1.0,0.0,236.0,240.0,300.0
lock_literal_targeted-answers,/home/v/negation-chains/Answers/lock_literal_targeted-answers.csv,moonshotai/kimi-k2.6,10,1,1.0,0.0,432.0,439.0,504.0
lock_literal_targeted-answers,/home/v/negation-chains/Answers/lock_literal_targeted-answers.csv,moonshotai/kimi-k2.6,20,1,1.0,0.0,220.0,226.0,301.0
lock_literal_targeted-answers,/home/v/negation-chains/Answers/lock_literal_targeted-answers.csv,moonshotai/kimi-k2.6,50,1,1.0,0.0,2319.0,2549.0,2653.0
lock_literal_targeted-answers,/home/v/negation-chains/Answers/lock_literal_targeted-answers.csv,moonshotai/kimi-k2.6,51,1,0.0,0.0,4860.0,5448.0,5554.0
lock_literal_targeted-answers,/home/v/negation-chains/Answers/lock_literal_targeted-answers.csv,openai/gpt-5.5-pro,0,1,1.0,0.0,37.0,44.0,97.0
lock_literal_targeted-answers,/home/v/negation-chains/Answers/lock_literal_targeted-answers.csv,openai/gpt-5.5-pro,1,1,1.0,0.0,53.0,61.0,115.0
lock_literal_targeted-answers,/home/v/negation-chains/Answers/lock_literal_targeted-answers.csv,openai/gpt-5.5-pro,2,1,1.0,0.0,45.0,52.0,107.0
lock_literal_targeted-answers,/home/v/negation-chains/Answers/lock_literal_targeted-answers.csv,openai/gpt-5.5-pro,5,1,1.0,0.0,112.0,120.0,178.0
lock_literal_targeted-answers,/home/v/negation-chains/Answers/lock_literal_targeted-answers.csv,openai/gpt-5.5-pro,10,1,1.0,0.0,119.0,126.0,189.0
lock_literal_targeted-answers,/home/v/negation-chains/Answers/lock_literal_targeted-answers.csv,openai/gpt-5.5-pro,20,1,1.0,0.0,202.0,209.0,282.0
lock_literal_targeted-answers,/home/v/negation-chains/Answers/lock_literal_targeted-answers.csv,openai/gpt-5.5-pro,50,1,1.0,0.0,741.0,748.0,851.0
lock_literal_targeted-answers,/home/v/negation-chains/Answers/lock_literal_targeted-answers.csv,openai/gpt-5.5-pro,51,1,1.0,0.0,1550.0,1558.0,1662.0
